{
  "vite.config.ts": 1778464908.7260637,
  "vitest.config.ts": 1778464912.9280627,
  "src/App.tsx": 1778470263.9067998,
  "src/main.tsx": 1778464980.6651266,
  "src/test-setup.ts": 1778464917.0187888,
  "src/types.ts": 1778464976.732822,
  "src/vite-env.d.ts": 1778467756.4836628,
  "src/context/GameContext.tsx": 1778467235.5451097,
  "src/context/ToastContext.tsx": 1778467243.5459414,
  "src/utils/evaluate.ts": 1778465021.528209,
  "src/utils/storage.ts": 1778465042.7737231,
  "src/utils/dailyWord.ts": 1778467746.8034797,
  "src/components/Keyboard.tsx": 1778467411.0692472,
  "src/components/Tile.tsx": 1778467364.1433194,
  "src/components/GameOverSheet.tsx": 1778467512.0812511,
  "src/components/Board.tsx": 1778467378.1483333,
  "src/components/StatsSheet.tsx": 1778470292.4910674,
  "src/components/Header.tsx": 1778469627.7102911,
  "src/components/Toast.tsx": 1778467431.231268,
  "src/__tests__/integration.test.tsx": 1778467711.272032,
  "src/__tests__/evaluate.test.ts": 1778467705.0449896,
  "src/__tests__/dailyWord.test.ts": 1778465075.9879622,
  "src/__tests__/GameContext.test.tsx": 1778467275.860126,
  "src/__tests__/Keyboard.test.tsx": 1778467440.926617,
  "src/__tests__/storage.test.ts": 1778465090.2254336,
  "src/__tests__/Tile.test.tsx": 1778467389.2935495,
  "src/hooks/useKeyboard.ts": 1778467257.1983502,
  "src/data/answers.ts": 1778465327.683277,
  "src/data/validGuesses.ts": 1778466958.0797713,
  "index.html": 1778470800.4712,
  "public/favicon.svg": 1778464990.55155
}